seed,split,metric,dice_all,dice_pos_only,n_pos_slices,slices_total,slices_any_tumor_gt,slices_any_tumor_pred,checkpoint,best_val_meanDiceFG,epoch
43,VAL,mean_fg,0.9304553938017012,0.8330623110878617,16476,45136,16476,16996,C:/GDNET/logs/step9_2p5d_unet_multiseed_clean_resume/seed_43/best.pt,0.9151873347732509,12
43,VAL,WT,0.8981629968383965,0.8035618457381872,16476,45136,16476,16996,C:/GDNET/logs/step9_2p5d_unet_multiseed_clean_resume/seed_43/best.pt,0.9151873347732509,12
43,VAL,TC,0.9228880442375843,0.7598815649999991,9839,45136,16476,16996,C:/GDNET/logs/step9_2p5d_unet_multiseed_clean_resume/seed_43/best.pt,0.9151873347732509,12
43,VAL,ET,0.9203270645621848,0.6897739643930323,6847,45136,16476,16996,C:/GDNET/logs/step9_2p5d_unet_multiseed_clean_resume/seed_43/best.pt,0.9151873347732509,12
43,VAL,c1,0.9666714895601128,0.52025137989414,2404,45136,16476,16996,C:/GDNET/logs/step9_2p5d_unet_multiseed_clean_resume/seed_43/best.pt,0.9151873347732509,12
43,VAL,c2,0.8907900975091692,0.7744949657159006,16134,45136,16476,16996,C:/GDNET/logs/step9_2p5d_unet_multiseed_clean_resume/seed_43/best.pt,0.9151873347732509,12
43,VAL,c3,0.9440329235753347,0.7193709925108394,5930,45136,16476,16996,C:/GDNET/logs/step9_2p5d_unet_multiseed_clean_resume/seed_43/best.pt,0.9151873347732509,12
43,VAL,c4,0.9203270645621848,0.6897739643930323,6847,45136,16476,16996,C:/GDNET/logs/step9_2p5d_unet_multiseed_clean_resume/seed_43/best.pt,0.9151873347732509,12
43,TEST,mean_fg,0.9274701549756958,0.8199248583522799,14364,41860,14364,15062,C:/GDNET/logs/step9_2p5d_unet_multiseed_clean_resume/seed_43/best.pt,0.9151873347732509,12
43,TEST,WT,0.8918761217776251,0.7910007235336438,14364,41860,14364,15062,C:/GDNET/logs/step9_2p5d_unet_multiseed_clean_resume/seed_43/best.pt,0.9151873347732509,12
43,TEST,TC,0.922612826230743,0.7384165288350668,9490,41860,14364,15062,C:/GDNET/logs/step9_2p5d_unet_multiseed_clean_resume/seed_43/best.pt,0.9151873347732509,12
43,TEST,ET,0.9181040010265535,0.6561827686125692,6661,41860,14364,15062,C:/GDNET/logs/step9_2p5d_unet_multiseed_clean_resume/seed_43/best.pt,0.9151873347732509,12
43,TEST,c1,0.9691422962531351,0.5050128999585379,2054,41860,14364,15062,C:/GDNET/logs/step9_2p5d_unet_multiseed_clean_resume/seed_43/best.pt,0.9151873347732509,12
43,TEST,c2,0.8805130145785968,0.7524335928111846,14084,41860,14364,15062,C:/GDNET/logs/step9_2p5d_unet_multiseed_clean_resume/seed_43/best.pt,0.9151873347732509,12
43,TEST,c3,0.9421213080444792,0.679172285632131,5560,41860,14364,15062,C:/GDNET/logs/step9_2p5d_unet_multiseed_clean_resume/seed_43/best.pt,0.9151873347732509,12
43,TEST,c4,0.9181040010265535,0.6561827686125692,6661,41860,14364,15062,C:/GDNET/logs/step9_2p5d_unet_multiseed_clean_resume/seed_43/best.pt,0.9151873347732509,12
44,VAL,mean_fg,0.9289236819423596,0.8322195485412057,16476,45136,16476,17359,C:/GDNET/logs/step9_2p5d_unet_multiseed_clean_resume/seed_44/best.pt,0.9132226931434425,12
44,VAL,WT,0.8941925496576558,0.8066445026191892,16476,45136,16476,17359,C:/GDNET/logs/step9_2p5d_unet_multiseed_clean_resume/seed_44/best.pt,0.9132226931434425,12
44,VAL,TC,0.9236679904375505,0.7542106280707039,9839,45136,16476,17359,C:/GDNET/logs/step9_2p5d_unet_multiseed_clean_resume/seed_44/best.pt,0.9132226931434425,12
44,VAL,ET,0.921326019784556,0.6764964471942345,6847,45136,16476,17359,C:/GDNET/logs/step9_2p5d_unet_multiseed_clean_resume/seed_44/best.pt,0.9132226931434425,12
44,VAL,c1,0.9651126057501859,0.5097015564538494,2404,45136,16476,17359,C:/GDNET/logs/step9_2p5d_unet_multiseed_clean_resume/seed_44/best.pt,0.9132226931434425,12
44,VAL,c2,0.8870109151973903,0.7797895476605278,16134,45136,16476,17359,C:/GDNET/logs/step9_2p5d_unet_multiseed_clean_resume/seed_44/best.pt,0.9132226931434425,12
44,VAL,c3,0.9422451870373165,0.7219525637548896,5930,45136,16476,17359,C:/GDNET/logs/step9_2p5d_unet_multiseed_clean_resume/seed_44/best.pt,0.9132226931434425,12
44,VAL,c4,0.921326019784556,0.6764964471942345,6847,45136,16476,17359,C:/GDNET/logs/step9_2p5d_unet_multiseed_clean_resume/seed_44/best.pt,0.9132226931434425,12
44,TEST,mean_fg,0.9269245633417528,0.8197098436827658,14364,41860,14364,15343,C:/GDNET/logs/step9_2p5d_unet_multiseed_clean_resume/seed_44/best.pt,0.9132226931434425,12
44,TEST,WT,0.8882501269813506,0.7910853677114456,14364,41860,14364,15343,C:/GDNET/logs/step9_2p5d_unet_multiseed_clean_resume/seed_44/best.pt,0.9132226931434425,12
44,TEST,TC,0.9241189930816589,0.7334690218306766,9490,41860,14364,15343,C:/GDNET/logs/step9_2p5d_unet_multiseed_clean_resume/seed_44/best.pt,0.9132226931434425,12
44,TEST,ET,0.9196520183666188,0.6510484084409885,6661,41860,14364,15343,C:/GDNET/logs/step9_2p5d_unet_multiseed_clean_resume/seed_44/best.pt,0.9132226931434425,12
44,TEST,c1,0.9688615817241893,0.4983183009386842,2054,41860,14364,15343,C:/GDNET/logs/step9_2p5d_unet_multiseed_clean_resume/seed_44/best.pt,0.9132226931434425,12
44,TEST,c2,0.8778537442002401,0.7545411552776924,14084,41860,14364,15343,C:/GDNET/logs/step9_2p5d_unet_multiseed_clean_resume/seed_44/best.pt,0.9132226931434425,12
44,TEST,c3,0.9413309090759711,0.6818546421004265,5560,41860,14364,15343,C:/GDNET/logs/step9_2p5d_unet_multiseed_clean_resume/seed_44/best.pt,0.9132226931434425,12
44,TEST,c4,0.9196520183666188,0.6510484084409885,6661,41860,14364,15343,C:/GDNET/logs/step9_2p5d_unet_multiseed_clean_resume/seed_44/best.pt,0.9132226931434425,12
